<?xml version="1.0" encoding="UTF-8"?>
<project-private xmlns="http://www.netbeans.org/ns/project-private/1">
    <editor-bookmarks xmlns="http://www.netbeans.org/ns/editor-bookmarks/2" lastBookmarkId="1">
        <file>
            <url>vehicles.php</url>
            <bookmark id="1">
                <name/>
                <line>27</line>
                <key/>
            </bookmark>
        </file>
    </editor-bookmarks>
    <open-files xmlns="http://www.netbeans.org/ns/projectui-open-files/2">
        <group>
            <file>file:/C:/xampp/htdocs/autoMaintence/shops.php</file>
            <file>file:/C:/xampp/htdocs/autoMaintence/vehicles.php</file>
            <file>file:/C:/xampp/htdocs/autoMaintence/index.php</file>
            <file>file:/C:/xampp/htdocs/autoMaintence/include/functions.php</file>
            <file>file:/C:/xampp/htdocs/autoMaintence/include/header.html</file>
        </group>
    </open-files>
</project-private>
